{
  "params": {
    "q": 1.0,
    "N_min": 20,
    "N_max": 1000,
    "step_N": 20,
    "mp_dps": 50
  },
  "constants": {
    "C0": -1.771368057,
    "C1": -0.7853981633974483,
    "C2": 0.2056167583560283
  },
  "data": {
    "N": [
      20,
      40,
      60,
      80,
      100,
      120,
      140,
      160,
      180,
      200,
      220,
      240,
      260,
      280,
      300,
      320,
      340,
      360,
      380,
      400,
      420,
      440,
      460,
      480,
      500,
      520,
      540,
      560,
      580,
      600,
      620,
      640,
      660,
      680,
      700,
      720,
      740,
      760,
      780,
      800,
      820,
      840,
      860,
      880,
      900,
      920,
      940,
      960,
      980,
      1000
    ],
    "exact": [
      3113.812432723211,
      15277.79896335057,
      38091.41400612895,
      72406.1446619354,
      118816.60573284885,
      177781.28185289202,
      249673.69902513656,
      334809.15376282413,
      433460.49191258196,
      545868.2189585841,
      672247.37358697,
      812792.4158177407,
      967680.8285506357,
      1137075.8482982167,
      1321128.5852666793,
      1519979.7024303358,
      1733760.7681044482,
      1962595.3615891386,
      2206599.988588631,
      2465884.8477079263,
      2740554.478685947,
      3030708.3155261124,
      3336441.1622543773,
      3657843.605122041,
      3995002.372059963,
      4348000.648087622,
      4716918.353487206,
      5101832.390483614,
      5502816.862989065,
      5919943.273125883,
      6353280.697812203,
      6802895.94792623,
      7268853.712204962,
      7751216.688111766,
      8250045.700631918,
      8765399.810919568,
      9297336.4158406,
      9845911.339141153,
      10411178.915360415,
      10993192.067206023,
      11592002.377294417,
      12207660.154077763,
      12840214.49342461,
      13489713.335785458,
      14156203.519006018,
      14839730.828372141,
      15540340.04250192,
      16258074.976924794,
      16992978.524368547,
      17745092.693118222
    ],
    "approx": [
      3047.6891761210018,
      15184.839212971421,
      38022.58037310973,
      72415.291490767,
      118958.95800499232,
      178112.87131690577,
      250251.09035513859,
      335689.2903427331,
      434700.60025878414,
      547525.7453400467,
      674379.9398179245,
      815457.7871883152,
      970936.8898195367,
      1140980.5852517148,
      1325740.0702445423,
      1525356.0827570574,
      1739960.2566958314,
      1969676.2292204786,
      2214620.5574550596,
      2474903.4860035363,
      2750629.5959993727,
      3041898.358890423,
      3348804.6127425837,
      3671438.9748790944,
      4009888.2017225907,
      4364235.504482297,
      4734560.827629282,
      5120941.0957891755,
      5523450.433655741,
      5942160.362719144,
      6377139.977958414,
      6828456.107130179,
      7296173.454867226,
      7780354.733459253,
      8281060.7819082355,
      8798350.67461974,
      9332281.820899395,
      9882910.056263478,
      10450289.726437638,
      11034473.764804456,
      11635513.763963735,
      12253460.041987719,
      12888361.703882968,
      13540266.698710475,
      14209221.872763606,
      14895273.0191585,
      15598464.924152596,
      16318841.410472944,
      17056445.37790627,
      17811318.841376837
    ],
    "abs_err": [
      66.12325660220904,
      92.95975037914832,
      68.83363301921781,
      -9.146828831610037,
      -142.35227214347105,
      -331.5894640137558,
      -577.3913300020213,
      -880.1365799089544,
      -1240.108346202178,
      -1657.5263814625796,
      -2132.566230954486,
      -2665.3713705744594,
      -3256.0612689009868,
      -3904.736953498097,
      -4611.4849778630305,
      -5376.380326721584,
      -6199.488591383211,
      -7080.867631339934,
      -8020.5688664284535,
      -9018.63829560997,
      -10075.117313425522,
      -11190.043364310637,
      -12363.450488206465,
      -13595.369757053442,
      -14885.82966262754,
      -16234.85639467556,
      -17642.474142076448,
      -19108.705305561423,
      -20633.570666675456,
      -22217.08959326055,
      -23859.280146210454,
      -25560.159203949384,
      -27319.742662264034,
      -29138.045347486623,
      -31015.081276317127,
      -32950.86370017193,
      -34945.405058795586,
      -36998.717122325674,
      -39110.81107722223,
      -41281.69759843312,
      -43511.38666931726,
      -45799.88790995628,
      -48147.21045835875,
      -50553.36292501725,
      -53018.35375758819,
      -55542.19078635797,
      -58124.88165067509,
      -60766.433548150584,
      -63466.85353772342,
      -66226.14825861529
    ],
    "pct_err": [
      2.123546553649681,
      0.6084629769127512,
      0.18070642640922285,
      -0.012632669332577532,
      -0.11980839821627337,
      -0.18651539721045257,
      -0.23125837132884824,
      -0.2628770958073731,
      -0.28609489661454,
      -0.3036495483515846,
      -0.3172293882794309,
      -0.3279276871564877,
      -0.33648091114689344,
      -0.3434016261397205,
      -0.34905648316830334,
      -0.35371395539855877,
      -0.3575746265248131,
      -0.36079101020632515,
      -0.36348087138160956,
      -0.36573639292170995,
      -0.3676306160589949,
      -0.36922204974278805,
      -0.3705580253617507,
      -0.3716771744427778,
      -0.3726112847074953,
      -0.3733867059522203,
      -0.3740254297391731,
      -0.37454592473881854,
      -0.374963790008224,
      -0.3752922717032954,
      -0.3755426728497383,
      -0.37572468254113234,
      -0.3758466430049637,
      -0.3759157629043756,
      -0.375938296607757,
      -0.37591968890139077,
      -0.37586469388432975,
      -0.37577747602948686,
      -0.3756616939847132,
      -0.3755205707865439,
      -0.3753569508797224,
      -0.3751733528939827,
      -0.37497201065460883,
      -0.37475490891944674,
      -0.3745238169711684,
      -0.3742803116089318,
      -0.37402580311439093,
      -0.37376155316294724,
      -0.3734886938549922,
      -0.37320824074533376
    ]
  },
  "summary": {
    "max_abs_err": 66226.14825861529,
    "max_pct_err_percent": 2.123546553649681
  }
}