{
  "q": 0.8,
  "N": [
    5,
    7,
    9,
    11,
    13,
    15,
    17,
    19,
    21,
    23,
    25,
    27,
    29,
    35,
    40,
    45,
    50,
    55,
    60,
    70,
    80,
    90,
    100,
    120,
    140,
    160,
    180,
    200
  ],
  "mfpt": [
    133.52272727272725,
    313.617682437851,
    582.8187681887588,
    947.6045366178242,
    1413.122959157598,
    1983.6492558583311,
    2662.840554828718,
    3453.8927665637384,
    4359.644253829418,
    5382.647984861719,
    6525.223799861533,
    7789.497498119533,
    9177.430840344326,
    14100.808049917754,
    19097.248704188034,
    24928.98207011853,
    31614.797668858188,
    39171.49541491042,
    47614.267507661505,
    67212.38516427155,
    90507.6808274161,
    117585.41883769441,
    148520.75716606254,
    222226.602316123,
    312092.12378139363,
    418511.442203514,
    541825.614890737,
    682335.2736982198
  ],
  "mode": [
    60.0,
    154.0,
    378.0,
    615.0,
    918.0,
    1289.0,
    1730.0,
    2245.0,
    2833.0,
    3498.0,
    4241.0,
    5063.0,
    5965.0,
    9165.0,
    12413.0,
    16203.0,
    20549.0,
    25461.0,
    30949.0,
    43688.0,
    58829.0,
    76430.0,
    96538.0,
    144447.0,
    202859.0,
    272032.0,
    352186.0,
    443517.0
  ],
  "mode_over_mfpt": [
    0.44936170212765963,
    0.49104374091061614,
    0.6485721130339034,
    0.6490049131624556,
    0.6496249983421438,
    0.6498124586255274,
    0.6496821587243998,
    0.6499912277918054,
    0.6498236633669258,
    0.6498660157301489,
    0.6499393936634013,
    0.6499777426236111,
    0.6499640371875797,
    0.6499627516065263,
    0.6499889168473689,
    0.6499663706454324,
    0.6499804368585781,
    0.6499879499190221,
    0.6499942479430155,
    0.6499992507812901,
    0.6499890336619899,
    0.649995558594709,
    0.6499966862683032,
    0.6499986882511953,
    0.6499971788525286,
    0.6499989547901444,
    0.6499988009445083,
    0.6499986401057095
  ],
  "notes": {
    "reflecting_boundaries": true,
    "start_pos": [
      0,
      0
    ],
    "target_pos": [
      "N-1",
      "N-1"
    ],
    "mode_method": "Enhanced Abate-Whitt with adaptive parameters",
    "aw_enhancements": [
      "Adaptive alpha sets based on t ranges",
      "Modified r calculation for small t",
      "Damped series for t<=20",
      "Correction factors for small N and t",
      "Trimmed mean aggregation for t<=30",
      "Gaussian smoothing for small N"
    ],
    "alpha_ranges": {
      "t<=20": "(0.5, 1.0, 1.5, 2.0)",
      "20<t<=50": "(1.5, 2.0, 2.5, 3.0)",
      "50<t<=100": "(2.5, 3.0, 3.5, 4.0)",
      "t>100": "(3.5, 4.5, 5.5, 6.5)"
    },
    "hard_T_max": 5000000,
    "numba_enabled": true
  },
  "computation_time_seconds": 14.717006206512451
}